name,base_price,price,product_url,product_img,product_label
"3인용 가죽소파 로티에 마일로 무빙헤드 3인용 가죽 소파 / 헤드틸팅 쇼파, 마일로 무빙헤드 3인용 소파 스툴포함 초코브라운"," 490,000  ","219,000",https://www.coupang.com/vp/products/5010458993?itemId=6706939196&vendorItemId=74000516403&sourceType=srp_product_ads&clickEventId=45631089-f319-4082-b789-0f1e11d2ed95&korePlacement=15&koreSubPlacement=1&clickEventId=45631089-f319-4082-b789-0f1e11d2ed95&korePlacement=15&koreSubPlacement=1,//thumbnail9.coupangcdn.com/thumbnails/remote/230x230ex/image/vendor_inventory/c977/aad360ea89d15b117045069742a6663f28e39f183ee4915cb7b6ef2abd13.jpg,소파
"웰퍼니쳐 한스 아쿠아텍스 3인용 소파 우형 + 스툴 방문설치, 크림아이보리"," 310,040  ","261,000",https://www.coupang.com/vp/products/5936476065?itemId=10565660830&vendorItemId=77847030314,//thumbnail10.coupangcdn.com/thumbnails/remote/230x230ex/image/retail/images/7522027420855929-8fb6afe0-849b-44e1-8b63-23e0d8ec6cf0.jpg,소파
"웰퍼니쳐 몬스터 프리미엄 아쿠아텍스 패브릭 소파 4인용 방문설치, 오트밀베이지",,"588,000",https://www.coupang.com/vp/products/6342384309?itemId=13311862384&vendorItemId=77069659562,//thumbnail10.coupangcdn.com/thumbnails/remote/230x230ex/image/retail/images/2021/07/01/11/0/3aef0e1d-cd3c-465a-92ab-57e0b230035f.jpg,소파
"웰퍼니쳐 몬스터 프리미엄 아쿠아텍스 패브릭 소파 3인용 방문설치, 오트밀 베이지"," 394,000  ","388,000",https://www.coupang.com/vp/products/5766926027?itemId=9785670322&vendorItemId=77069659723&pickType=COU_PICK,//thumbnail6.coupangcdn.com/thumbnails/remote/230x230ex/image/retail/images/2021/07/01/10/3/412b4a3d-0b99-4d7c-9726-e777755393fb.jpg,소파
"자네트 쟈드 4인용 카우치 가죽쇼파, 화이트"," 790,000  ","399,000",https://www.coupang.com/vp/products/253519225?itemId=797521041&vendorItemId=3919635203&sourceType=srp_product_ads&clickEventId=65c69d25-4f9a-49d9-b747-ec9296d2f2f9&korePlacement=15&koreSubPlacement=5&clickEventId=65c69d25-4f9a-49d9-b747-ec9296d2f2f9&korePlacement=15&koreSubPlacement=5,//thumbnail10.coupangcdn.com/thumbnails/remote/230x230ex/image/vendor_inventory/images/2018/08/30/15/3/ef473831-c11f-4cfd-a228-17c89dad2f1c.jpg,소파
"자네트 세실리 3인용 풀커버 패브릭 소파 스툴포함, 투톤그레이"," 699,000  ","289,000",https://www.coupang.com/vp/products/260564486?itemId=815098599&vendorItemId=5073946625&sourceType=srp_product_ads&clickEventId=1cbb9afa-368c-46b5-9510-8d5d9de21a7d&korePlacement=15&koreSubPlacement=6&clickEventId=1cbb9afa-368c-46b5-9510-8d5d9de21a7d&korePlacement=15&koreSubPlacement=6,//thumbnail8.coupangcdn.com/thumbnails/remote/230x230ex/image/vendor_inventory/6ca5/d4ae7881ebb58c05b072b5d9a58c5793e114f57901c156d110d974b8f08d.jpg,소파
"웰퍼니쳐 한스 아쿠아텍스 3인용 소파 좌형 + 스툴 방문설치, 크림아이보리"," 300,000  ","261,000",https://www.coupang.com/vp/products/5936475963?itemId=10565660462&vendorItemId=77847030017,//thumbnail7.coupangcdn.com/thumbnails/remote/230x230ex/image/retail/images/1041425490579653-64a87fa1-2542-4eb3-a379-aa9177a83d00.jpg,소파
퍼리든 패브릭 쇼파 3인용 아이보리 팔걸이 좌형 쿠션1p 스툴포함 방문설치," 601,750  ","331,000",https://www.coupang.com/vp/products/5855794284?itemId=10202831948&vendorItemId=77485341217,//thumbnail8.coupangcdn.com/thumbnails/remote/230x230ex/image/retail/images/5625483147937349-72dab621-d11d-40e6-b347-b40dc9a67230.jpg,소파
"자네트 자드 4인용 카우치 가죽쇼파 (3인용+카우치) 4인용쇼파, 화이트_B"," 790,000  ","399,000",https://www.coupang.com/vp/products/253519225?itemId=797521057&vendorItemId=5025298938&sourceType=srp_product_ads&clickEventId=e4d3df4d-d338-4935-a009-f333c571e37d&korePlacement=15&koreSubPlacement=9&clickEventId=e4d3df4d-d338-4935-a009-f333c571e37d&korePlacement=15&koreSubPlacement=9,//img1a.coupangcdn.com/image/coupang/search/blank1x1.gif,소파
"리바트 로데 3인용 패브릭 소파 방문설치, 오션 리지 그레이 샌드 + 아이보리"," 451,250  ","398,700",https://www.coupang.com/vp/products/6687063099?itemId=15441112710&vendorItemId=82660743094,//img1a.coupangcdn.com/image/coupang/search/blank1x1.gif,소파
"플로바움 모스카토 3인용소파, 카멜(SA3569)"," 429,000  ","309,000",https://www.coupang.com/vp/products/6398787873?itemId=13674268978&vendorItemId=80926230656&sourceType=srp_product_ads&clickEventId=d324bfb9-3752-4572-b4d1-99227e7ded22&korePlacement=15&koreSubPlacement=11&clickEventId=d324bfb9-3752-4572-b4d1-99227e7ded22&korePlacement=15&koreSubPlacement=11,//img1a.coupangcdn.com/image/coupang/search/blank1x1.gif,소파
"[한정쿠폰] 삼익가구 딘 아쿠아텍스 2인용 소파 + 스툴 + 쿠션 증정, 라이트그레이"," 449,000  ","149,000",https://www.coupang.com/vp/products/7198907050?itemId=18192018852&vendorItemId=80859245390&sourceType=srp_product_ads&clickEventId=d397b401-0d39-424c-a483-1313be1d93a7&korePlacement=15&koreSubPlacement=12&clickEventId=d397b401-0d39-424c-a483-1313be1d93a7&korePlacement=15&koreSubPlacement=12,//img1a.coupangcdn.com/image/coupang/search/blank1x1.gif,소파
"
                                                        웰퍼니쳐 에이든 아쿠아텍스 패브릭 3인용 소파 방문설치, 스카이블루
                                                    "," 359,000  ","349,000",https://www.coupang.com/vp/products/1909328422?itemId=3241983401&vendorItemId=71229172779&sourceType=SDW_TOP_SELLING_WIDGET_V2&searchId=f0bfd7ccbe364ee9a17aa9f1f3bd45bd&q=소파,//thumbnail7.coupangcdn.com/thumbnails/remote/230x230ex/image/retail/images/424512602173768-5c8c0df2-6e8f-4e8d-a3a0-d053350cbde7.jpg,소파
"
                                                        웰퍼니쳐 에이든 아쿠아텍스 패브릭 3인용 소파 방문설치, 스카이블루
                                                    "," 359,000  ","349,000",https://www.coupang.com/vp/products/1909328422?itemId=3241983401&vendorItemId=71229172779&sourceType=SDW_TOP_SELLING_WIDGET_V2&searchId=f0bfd7ccbe364ee9a17aa9f1f3bd45bd&q=소파,//thumbnail7.coupangcdn.com/thumbnails/remote/230x230ex/image/retail/images/424512602173768-5c8c0df2-6e8f-4e8d-a3a0-d053350cbde7.jpg,소파
"
                                                        수오 비안 2인용 소파 ZT10333_2, 그레이
                                                    ",,"149,000",https://www.coupang.com/vp/products/4834575879?itemId=6242651417&vendorItemId=73538412998&sourceType=SDW_TOP_SELLING_WIDGET_V2&searchId=f0bfd7ccbe364ee9a17aa9f1f3bd45bd&q=소파,//thumbnail8.coupangcdn.com/thumbnails/remote/230x230ex/image/rs_quotation_api/nlicxjv3/70099f573a724dabb49dd8449092834a.jpg,소파
"
                                                        동서가구 제이홈스 라텍스탑 구스다운 천연가죽 4인용 소파 DF638307, 네이비
                                                    "," 990,000  ","459,000",https://www.coupang.com/vp/products/14897649?itemId=61349193&vendorItemId=3096065323&sourceType=SDW_TOP_SELLING_WIDGET_V2&searchId=f0bfd7ccbe364ee9a17aa9f1f3bd45bd&q=소파,//thumbnail6.coupangcdn.com/thumbnails/remote/230x230ex/image/vendor_inventory/7b99/35ccbc1cdd0c0f303210acfc34ecf30b69bdac226fa9ad02d68688e8e027.jpg,소파
"
                                                        에보니아 코코 2인 소파의자 패브리룩 방수레더, 다크블루
                                                    ",,"162,440",https://www.coupang.com/vp/products/189723725?itemId=541992644&vendorItemId=4417868677&sourceType=SDW_TOP_SELLING_WIDGET_V2&searchId=f0bfd7ccbe364ee9a17aa9f1f3bd45bd&q=소파,//thumbnail9.coupangcdn.com/thumbnails/remote/230x230ex/image/retail/images/2019/02/22/15/8/37b156fa-d44c-4c22-9dd5-d5d01b733de2.jpg,소파
"
                                                        3인용 가죽소파 로티에 마일로 무빙헤드 3인용 가죽 소파 / 헤드틸팅 쇼파, 마일로 무빙헤드 3인용 소파 스툴포함 초코브라운
                                                    "," 490,000  ","219,000",https://www.coupang.com/vp/products/5010458993?itemId=6706939196&vendorItemId=74000516403&sourceType=SDW_TOP_SELLING_WIDGET_V2&searchId=f0bfd7ccbe364ee9a17aa9f1f3bd45bd&q=소파,//thumbnail9.coupangcdn.com/thumbnails/remote/230x230ex/image/vendor_inventory/c977/aad360ea89d15b117045069742a6663f28e39f183ee4915cb7b6ef2abd13.jpg,소파
"
                                                        [삼익가구]모릭 아쿠아텍스 3인용 소파(스툴포함), 02.아이보리
                                                    "," 599,000  ","222,000",https://www.coupang.com/vp/products/5142348542?itemId=7051991080&vendorItemId=74344215984&sourceType=SDW_TOP_SELLING_WIDGET_V2&searchId=f0bfd7ccbe364ee9a17aa9f1f3bd45bd&q=소파,//thumbnail9.coupangcdn.com/thumbnails/remote/230x230ex/image/vendor_inventory/f80e/9aac4a9db2ad8f2df4373064d2028008ba43d2f63b63c6cdb48725894c34.jpg,소파
"
                                                        서광퍼니처 헤르본 CL라텍스 인조가죽 3인용소파 스툴세트, 다크브라운/착석시 오른팔
                                                    "," 252,000  ","234,360",https://www.coupang.com/vp/products/286666313?itemId=908808260&vendorItemId=74245120212&sourceType=SDW_TOP_SELLING_WIDGET_V2&searchId=f0bfd7ccbe364ee9a17aa9f1f3bd45bd&q=소파,//thumbnail9.coupangcdn.com/thumbnails/remote/230x230ex/image/vendor_inventory/9f56/c9e5c113d6474de9d5342f147bd4ae62746fe7cba10117a31792a9b8b230.jpg,소파
"
                                                        동서가구 *소량재고특가* 리빙스 3인용 PU가죽 소파 DF901087, 초코브라운우측
                                                    "," 278,000  ","167,310",https://www.coupang.com/vp/products/29686868?itemId=113428580&vendorItemId=3178820595&sourceType=SDW_TOP_SELLING_WIDGET_V2&searchId=f0bfd7ccbe364ee9a17aa9f1f3bd45bd&q=소파,//thumbnail9.coupangcdn.com/thumbnails/remote/230x230ex/image/vendor_inventory/images/2017/06/27/16/9/06eebce5-0628-4d25-b767-c3b842bed72c.jpg,소파
퍼리든 패브릭쇼파 3인용 연그레이 팔걸이좌형+쿠션1P+스툴포함 방문설치," 359,000  ","331,000",https://www.coupang.com/vp/products/5855794284?itemId=10202831951&vendorItemId=77485341237,//img1a.coupangcdn.com/image/coupang/search/blank1x1.gif,소파
"레이디가구 주피 EC패브릭 2인용 소파베드 방문설치, 차콜그레이",,"223,000",https://www.coupang.com/vp/products/7172184881?itemId=18071921705&vendorItemId=85225190146,//img1a.coupangcdn.com/image/coupang/search/blank1x1.gif,소파
"잉글랜더 홀리데이 USB 아쿠아텍스 3인용 소파 좌형 방문설치, 아이보리"," 337,130  ","323,010",https://www.coupang.com/vp/products/6100094548?itemId=11425633836&vendorItemId=78701234923,//img1a.coupangcdn.com/image/coupang/search/blank1x1.gif,소파
알럽홈 러블리캣 디자인 소파패드 TYPE1,,"64,900",https://www.coupang.com/vp/products/4752649783?itemId=6051162127&vendorItemId=73348426705,//img1a.coupangcdn.com/image/coupang/search/blank1x1.gif,소파
"서광퍼니처 헤르본 CL라텍스 인조가죽 3인용소파 스툴세트, 다크브라운/착석시 오른팔"," 252,000  ","234,360",https://www.coupang.com/vp/products/286666313?itemId=908808260&vendorItemId=74245120212,//img1a.coupangcdn.com/image/coupang/search/blank1x1.gif,소파
퍼리든 패브릭쇼파 3인용 아이보리 팔걸이우형+쿠션1P+스툴포함," 362,000  ","331,000",https://www.coupang.com/vp/products/5716225504?itemId=9546302005&vendorItemId=76830989093,//img1a.coupangcdn.com/image/coupang/search/blank1x1.gif,소파
"웰퍼니쳐 에반 아쿠아텍스 카우치 소파 4인용 우측 카우치 방문설치, 라이트그레이",,"618,000",https://www.coupang.com/vp/products/2315599990?itemId=3996489571&vendorItemId=71980777184,//img1a.coupangcdn.com/image/coupang/search/blank1x1.gif,소파
"퍼리든 뮤즈 패브릭 쇼파 2인용 팔걸이 우형 + 쿠션 2p + 스툴 방문설치, 그레이"," 340,000  ","310,000",https://www.coupang.com/vp/products/6079264613?itemId=11260889099&vendorItemId=78537863988,//img1a.coupangcdn.com/image/coupang/search/blank1x1.gif,소파
"플로바움 바브린노2 3인용 소파, 아이보리(S317)"," 359,000  ","299,000",https://www.coupang.com/vp/products/87103359?itemId=273806253&vendorItemId=3391508307&sourceType=srp_product_ads&clickEventId=c80be7f6-8213-42c7-bfe4-c7858fbd4875&korePlacement=15&koreSubPlacement=21&clickEventId=c80be7f6-8213-42c7-bfe4-c7858fbd4875&korePlacement=15&koreSubPlacement=21,//img1a.coupangcdn.com/image/coupang/search/blank1x1.gif,소파
"자네트 세실리 3인용 풀커버 패브릭 소파 스툴포함, 민트"," 699,000  ","289,000",https://www.coupang.com/vp/products/260564486?itemId=815098590&vendorItemId=5073946550&sourceType=srp_product_ads&clickEventId=1c3e9c85-f8b6-41c6-a772-b7852cf3a64c&korePlacement=15&koreSubPlacement=22&clickEventId=1c3e9c85-f8b6-41c6-a772-b7852cf3a64c&korePlacement=15&koreSubPlacement=22,//img1a.coupangcdn.com/image/coupang/search/blank1x1.gif,소파
에이홉 스트라이프 레이스 포인트 소파 패드,,"39,900",https://www.coupang.com/vp/products/5295306113?itemId=7628486756&vendorItemId=74919007214,//img1a.coupangcdn.com/image/coupang/search/blank1x1.gif,소파
"자네트 로미노 3인용 가죽쇼파 스툴포함, 화이트"," 440,000  ","249,000",https://www.coupang.com/vp/products/128836875?itemId=379520160&vendorItemId=3919450322&sourceType=srp_product_ads&clickEventId=cedc3e2c-cf3c-4523-badf-8486a7505abe&korePlacement=15&koreSubPlacement=24&clickEventId=cedc3e2c-cf3c-4523-badf-8486a7505abe&korePlacement=15&koreSubPlacement=24,//img1a.coupangcdn.com/image/coupang/search/blank1x1.gif,소파
"밸런스가구 도노 3인용 좌식소파, 카푸치노",,"239,000",https://www.coupang.com/vp/products/15982716?itemId=65319648&vendorItemId=3103687753,//img1a.coupangcdn.com/image/coupang/search/blank1x1.gif,소파
"퍼리든 뮤즈 패브릭 2인용 소파 팔걸이 좌형 + 쿠션 2p + 스툴 방문설치, 아이보리"," 336,400  ","310,000",https://www.coupang.com/vp/products/6080647506?itemId=11270230716&vendorItemId=78547136056,//img1a.coupangcdn.com/image/coupang/search/blank1x1.gif,소파
"웰퍼니쳐 티아나 아쿠아텍스 패브릭 2인 소파 우형 + 스툴 방문설치, 아이보리"," 383,400  ","289,000",https://www.coupang.com/vp/products/6641075625?itemId=15181147092&vendorItemId=82402413068,//img1a.coupangcdn.com/image/coupang/search/blank1x1.gif,소파
"[15조 한정 즉시할인쿠폰] 에보니아 웬디 라텍스폼 2인카우치 소파+스툴포함 방수패브릭, 우형_패브릭_아쿠아블루"," 273,000  ","167,100",https://www.coupang.com/vp/products/1924254466?itemId=3266966893&vendorItemId=70896851627,//img1a.coupangcdn.com/image/coupang/search/blank1x1.gif,소파
"하임앤하임 멜란 체크 쇼파커버, 그레이",,"45,000",https://www.coupang.com/vp/products/329025938?itemId=1052184365&vendorItemId=5519886971,//img1a.coupangcdn.com/image/coupang/search/blank1x1.gif,소파
"알집매트 스윙소파, 다크브라운",,"149,000",https://www.coupang.com/vp/products/5278444476?itemId=7544989636&vendorItemId=74835752409,//img1a.coupangcdn.com/image/coupang/search/blank1x1.gif,소파
"웰퍼니쳐 미스티코 헤드무빙 3인용 가죽 소파, 다크그레이"," 409,000  ","388,000",https://www.coupang.com/vp/products/6666710491?itemId=15324305561&vendorItemId=82544629265,//img1a.coupangcdn.com/image/coupang/search/blank1x1.gif,소파
"무인양품 푹신 소파 본체 (커버 별매) 4934761049182, 화이트",,"159,000",https://www.coupang.com/vp/products/2155609236?itemId=3661319752&vendorItemId=71646749832,//img1a.coupangcdn.com/image/coupang/search/blank1x1.gif,소파
"에보니아 코코 2인 소파의자 패브리룩 방수레더, 아이보리",,"162,440",https://www.coupang.com/vp/products/189723725?itemId=541992628&vendorItemId=4417868630,//img1a.coupangcdn.com/image/coupang/search/blank1x1.gif,소파
"라플렌느 패브릭 사계절 쿠션 소파커버 세트, E",,"42,700",https://www.coupang.com/vp/products/6157893068?itemId=11930942640&vendorItemId=79203699024,//img1a.coupangcdn.com/image/coupang/search/blank1x1.gif,소파
"상일리베가구 단테 메모리폼 소파 4인용 방문설치, 초코브라운",,"736,000",https://www.coupang.com/vp/products/7211960611?itemId=18253788834&vendorItemId=85400460397,//img1a.coupangcdn.com/image/coupang/search/blank1x1.gif,소파
"수오 비안 2인용 소파 ZT10333_2, 그레이",,"149,000",https://www.coupang.com/vp/products/4834575879?itemId=6242651417&vendorItemId=73538412998,//img1a.coupangcdn.com/image/coupang/search/blank1x1.gif,소파
"자네트 쟈드 4인용 카우치 가죽쇼파, 화이트"," 790,000  ","399,000",https://www.coupang.com/vp/products/253519225?itemId=797521041&vendorItemId=3919635203&sourceType=srp_product_ads&clickEventId=e784a2f7-8ee6-4228-bd7d-c2ba15f15c34&korePlacement=15&koreSubPlacement=37&clickEventId=e784a2f7-8ee6-4228-bd7d-c2ba15f15c34&korePlacement=15&koreSubPlacement=37,//thumbnail10.coupangcdn.com/thumbnails/remote/230x230ex/image/vendor_inventory/images/2018/08/30/15/3/ef473831-c11f-4cfd-a228-17c89dad2f1c.jpg,소파
"Kcwen 귀여운 바디필로우 의자 등받이쿠션 허리 등쿠션 쇼파, 면 가방 토스트 당근"," 40,000  ","22,000",https://www.coupang.com/vp/products/7006013203?itemId=17199598739&vendorItemId=85631881540,//thumbnail10.coupangcdn.com/thumbnails/remote/230x230ex/image/vendor_inventory/9f57/0790e0d04150b3d81a0f81c7f7ee542048c64d442d42b1276a004740f99c.jpg,소파
"자네트 로마노 4인용 카우치 가죽쇼파 (3인용+카우치) 4인용쇼파, B형 화이트"," 760,000  ","399,000",https://www.coupang.com/vp/products/324094289?itemId=1037684423&vendorItemId=5492616513&sourceType=srp_product_ads&clickEventId=2ea463c3-76fd-4f4e-b5db-3f201fcec748&korePlacement=15&koreSubPlacement=39&clickEventId=2ea463c3-76fd-4f4e-b5db-3f201fcec748&korePlacement=15&koreSubPlacement=39,//thumbnail9.coupangcdn.com/thumbnails/remote/230x230ex/image/vendor_inventory/2aaa/766fbdb722d4ba267750ecfdedbb59bc29ce2d779e6ec520711fb0af100c.jpg,소파
타카타카 헤이즐 순면 3인 소파패드,,"21,640",https://www.coupang.com/vp/products/63243805?itemId=215417264&vendorItemId=3518589712,//thumbnail7.coupangcdn.com/thumbnails/remote/230x230ex/image/retail/images/2018/01/29/15/5/ade40002-1f0a-496b-ad19-1145ea2f463b.jpg,소파
"서광퍼니처 국내제작100% 헤르본 CL라텍스 3인용 가죽 소파 sk, 헤르본 크림베이지/양팔(스툴없음)/PVC다리"," 329,000  ","189,000",https://www.coupang.com/vp/products/286666313?itemId=908808328&vendorItemId=3007109019&sourceType=srp_product_ads&clickEventId=166103df-aeff-4c6c-bfab-6989d4b8d7d6&korePlacement=15&koreSubPlacement=41&clickEventId=166103df-aeff-4c6c-bfab-6989d4b8d7d6&korePlacement=15&koreSubPlacement=41,//thumbnail8.coupangcdn.com/thumbnails/remote/230x230ex/image/vendor_inventory/4eda/0e8bdbd611368d206765fb7385112c3c1e1827fd069126891107482098f9.jpg,소파
"Kcwen 귀여운 바디필로우 의자 등받이쿠션 허리 등쿠션 쇼파, 면 가방 토스트 딸기"," 35,000  ","28,000",https://www.coupang.com/vp/products/7006013203?itemId=18448225133&vendorItemId=85631881467,//thumbnail6.coupangcdn.com/thumbnails/remote/230x230ex/image/vendor_inventory/c392/b2deeef8390ab453c8d484542432b4ff3ad635ca56c4f3deb958b88e2cb2.jpg,소파
"헤이미쉬홈 바스토 4인용 아쿠아텍스 이지클린 패브릭 소파, 시안블루"," 1,329,000  ","519,000",https://www.coupang.com/vp/products/6233836504?itemId=12543778650&vendorItemId=79812174077&sourceType=srp_product_ads&clickEventId=05ea99fd-1ee7-4646-8f5e-98ca5beb1fc1&korePlacement=15&koreSubPlacement=43&clickEventId=05ea99fd-1ee7-4646-8f5e-98ca5beb1fc1&korePlacement=15&koreSubPlacement=43,//thumbnail10.coupangcdn.com/thumbnails/remote/230x230ex/image/vendor_inventory/661f/8c0a3df2b1e542fd19f48c3d83d5efde01e4fe19c7c1e8b8583fbd3fad0b.jpg,소파
"모든갤러리 수납형 접이식 패브릭 1인 2인 심플 매트리스침대형 소파베드, 화이트, 라이트그레이"," 390,000  ","296,800",https://www.coupang.com/vp/products/4948334062?itemId=6533148465&vendorItemId=73827242669,//thumbnail10.coupangcdn.com/thumbnails/remote/230x230ex/image/vendor_inventory/2656/60ed1e1667773c20ab7a9065187c18e83fb46b262698e159d073c2bab334.jpg,소파
까사베르데 코튼누빔 소파 패드,,"16,800",https://www.coupang.com/vp/products/1220926?itemId=5292415&vendorItemId=3006612765,//img1a.coupangcdn.com/image/coupang/search/blank1x1.gif,소파
"니뜰리히 흔들의자 소파 1인용 다이닝 패브릭 리클라이너 편한 독서 안락 의자 스윙 릴렉스 체어, 오렌지"," 189,000  ","149,000",https://www.coupang.com/vp/products/7255943211?itemId=18469133784&vendorItemId=79723568586,//img1a.coupangcdn.com/image/coupang/search/blank1x1.gif,소파
"자네트 세실리 3인용 풀커버 패브릭 소파 스툴포함, 투톤그레이"," 699,000  ","289,000",https://www.coupang.com/vp/products/260564486?itemId=815098599&vendorItemId=5073946625&sourceType=srp_product_ads&clickEventId=825a08c2-b934-496c-a238-eb7cc8a06ecf&korePlacement=15&koreSubPlacement=47&clickEventId=825a08c2-b934-496c-a238-eb7cc8a06ecf&korePlacement=15&koreSubPlacement=47,//img1a.coupangcdn.com/image/coupang/search/blank1x1.gif,소파
"감성스터프 낡은 소파 봄 커버 카우치 북유럽 파스텔 소파커버 덮개 패브릭, 핑크",,"16,500",https://www.coupang.com/vp/products/4927030157?itemId=6468178134&vendorItemId=80522666889,//img1a.coupangcdn.com/image/coupang/search/blank1x1.gif,소파
"자네트 쟈드 3인용 가죽쇼파 스툴포함, 화이트"," 460,000  ","249,000",https://www.coupang.com/vp/products/128822044?itemId=2386335873&vendorItemId=3919333407&sourceType=srp_product_ads&clickEventId=2fbf9a0b-7233-4f3d-bfcf-71861f4b5959&korePlacement=15&koreSubPlacement=49&clickEventId=2fbf9a0b-7233-4f3d-bfcf-71861f4b5959&korePlacement=15&koreSubPlacement=49,//img1a.coupangcdn.com/image/coupang/search/blank1x1.gif,소파
"치치파파 유아용 피노 패브릭 1인용 쇼파, 네이비",,"78,000",https://www.coupang.com/vp/products/7189967801?itemId=18151371241&vendorItemId=85301577145,//img1a.coupangcdn.com/image/coupang/search/blank1x1.gif,소파
까사베르데 코스믹라인 쇼파 패드 60x180cm," 27,700  ","19,010",https://www.coupang.com/vp/products/833992?itemId=3286529&vendorItemId=3003791623,//img1a.coupangcdn.com/image/coupang/search/blank1x1.gif,소파
진드기케어 토퍼소파패드," 43,940  ","43,350",https://www.coupang.com/vp/products/20114176?itemId=17361725964&vendorItemId=84531678761,//img1a.coupangcdn.com/image/coupang/search/blank1x1.gif,소파
"동서가구 *소량재고특가* 리빙스 3인용 PU가죽 소파 DF901087, 모카브라운좌측"," 278,000  ","167,310",https://www.coupang.com/vp/products/29686868?itemId=113428571&vendorItemId=3178820601,//img1a.coupangcdn.com/image/coupang/search/blank1x1.gif,소파
"1인 소파 용 쇼파 리클라이너 일인용 빈백 가죽 방수 쿠션 커버 안티 스크래치 두꺼운 거실 좌석 슬립, Light Gray+Large 사이즈 2",,"31,030",https://www.coupang.com/vp/products/7213324287?itemId=18260378592&vendorItemId=85716036313,//img1a.coupangcdn.com/image/coupang/search/blank1x1.gif,소파
"원룸가구 1인 2인용 쇼파 무겁지 않고 푹신 편한 소파, 06"," 208,000  ","94,200",https://www.coupang.com/vp/products/6526289397?itemId=14478732831&vendorItemId=85501935431,//img1a.coupangcdn.com/image/coupang/search/blank1x1.gif,소파
"풀하우스 베르가모 3인.4인 틸팅 아쿠아텍스 이지클린 소파 쿠션증정, 02.1인소파(A타입)"," 455,000  ","148,000",https://www.coupang.com/vp/products/6779098978?itemId=15936070147&vendorItemId=83142937837,//img1a.coupangcdn.com/image/coupang/search/blank1x1.gif,소파
"자네트 로미노 3인용 가죽쇼파 스툴포함, 화이트"," 440,000  ","249,000",https://www.coupang.com/vp/products/128836875?itemId=379520160&vendorItemId=3919450322&sourceType=srp_product_ads&clickEventId=1de1c786-ee5b-4f98-9f10-01f36add6f63&korePlacement=15&koreSubPlacement=57&clickEventId=1de1c786-ee5b-4f98-9f10-01f36add6f63&korePlacement=15&koreSubPlacement=57,//img1a.coupangcdn.com/image/coupang/search/blank1x1.gif,소파
"1인 소파 용 쇼파 리클라이너 일인용 빈백 가죽 방수 쿠션 커버 안티 스크래치 두꺼운 거실 좌석 슬립, Yellow+사이즈2",,"28,140",https://www.coupang.com/vp/products/7213324287?itemId=18260378571&vendorItemId=85716036182,//img1a.coupangcdn.com/image/coupang/search/blank1x1.gif,소파
"[동서가구] 레나 천연가죽 4인 소파 DF907375, 초코브라운"," 810,000  ","504,900",https://www.coupang.com/vp/products/84344528?itemId=267562176&vendorItemId=3172569978&sourceType=srp_product_ads&clickEventId=fa02c814-96ce-4d41-8b04-75f56a9d4e6a&korePlacement=15&koreSubPlacement=59&clickEventId=fa02c814-96ce-4d41-8b04-75f56a9d4e6a&korePlacement=15&koreSubPlacement=59,//img1a.coupangcdn.com/image/coupang/search/blank1x1.gif,소파
"베스트리빙 [특별한정판매] 칸트 레옹 무빙헤드 3인용 4인용 소파 모음/가죽소파/아쿠아텍스/생활방수소파 2color, 03.레옹 3인 패브릭소파"," 599,000  ","289,000",https://www.coupang.com/vp/products/4899316512?itemId=6390491145&vendorItemId=73685921904&sourceType=srp_product_ads&clickEventId=eccb31c8-879b-4319-afbf-3c2394c5a077&korePlacement=15&koreSubPlacement=60&clickEventId=eccb31c8-879b-4319-afbf-3c2394c5a077&korePlacement=15&koreSubPlacement=60,//img1a.coupangcdn.com/image/coupang/search/blank1x1.gif,소파
"2인용 소파 1250MM 쇼파, X1",,"129,000",https://www.coupang.com/vp/products/6967818621?itemId=16985963092&vendorItemId=84162403842,//img1a.coupangcdn.com/image/coupang/search/blank1x1.gif,소파
"무인양품 푹신 소파 본체 (커버 별매) 4934761049182, 화이트",,"159,000",https://www.coupang.com/vp/products/2155609236?itemId=3661319752&vendorItemId=71646749832,//img1a.coupangcdn.com/image/coupang/search/blank1x1.gif,소파
"세계로가구 에노스 3인 신소재 인조가죽 소파 3인용 쇼파, 로얄네이비(착석시 팔걸이 우측), 보조스툴 비포함"," 590,000  ","207,000",https://www.coupang.com/vp/products/6171488741?itemId=12048979729&vendorItemId=79321162075,//img1a.coupangcdn.com/image/coupang/search/blank1x1.gif,소파
"남쪽나무 2인용 소파 거실 소파 소파, X4"," 199,000  ","188,000",https://www.coupang.com/vp/products/7235603266?itemId=18371153104&vendorItemId=85514650454,//img1a.coupangcdn.com/image/coupang/search/blank1x1.gif,소파
거위 소파패드,,"47,900",https://www.coupang.com/vp/products/2264519754?itemId=3881182277&vendorItemId=71865826740,//img1a.coupangcdn.com/image/coupang/search/blank1x1.gif,소파
"용관샵 소파천갈이 쇼파리폼 겨울 플러시 소파 쿠션 두꺼운 미끄럼 방지 타월 커버 거실용 범용, 02 A2_13 90x210cm 1pc",,"49,600",https://www.coupang.com/vp/products/7272113085?itemId=18548453729&vendorItemId=85686383316,//img1a.coupangcdn.com/image/coupang/search/blank1x1.gif,소파
다해유 탁월한 의자 쇼파 소품 커버 사각 25 x 25 mm 18p,,"23,600",https://www.coupang.com/vp/products/7198539723?itemId=18190448703&vendorItemId=85339217575,//img1a.coupangcdn.com/image/coupang/search/blank1x1.gif,소파
"다이닝쇼파 디자인 클라우드 소파 성인 소파 다기능 접이식 여행 사랑 위치 침대 의자 팔 야외 풍선 캠핑, 03 sofa and handcuffs",,"132,390",https://www.coupang.com/vp/products/6982828752?itemId=17063717580&vendorItemId=85743064876,//img1a.coupangcdn.com/image/coupang/search/blank1x1.gif,소파
"[20조한정 추가즉시할인] 에보니아 라인 듀얼각도조절 좌식형 소파베드 / 다릿발제외, 패브릭 블랙믹스"," 200,000  ","133,600",https://www.coupang.com/vp/products/7017385624?itemId=17268072421&vendorItemId=84517040575,//img1a.coupangcdn.com/image/coupang/search/blank1x1.gif,소파
더와이 모던폭스퀼트 소파패드," 33,900  ","32,210",https://www.coupang.com/vp/products/130561414?itemId=384282458&vendorItemId=74500981323,//img1a.coupangcdn.com/image/coupang/search/blank1x1.gif,소파
마켓에이 라인 켈트 문양 소파 패드," 63,900  ","38,340",https://www.coupang.com/vp/products/4932688326?itemId=6483664977&vendorItemId=73777934480,//img1a.coupangcdn.com/image/coupang/search/blank1x1.gif,소파
"아이와비 유니크 2인용 인조가죽 스툴형 소파, 블랙"," 299,000  ","229,000",https://www.coupang.com/vp/products/7045947302?itemId=17436881166&vendorItemId=85188980918,//img1a.coupangcdn.com/image/coupang/search/blank1x1.gif,소파
"자네트 쟈드 4인용 카우치 가죽쇼파, 화이트"," 790,000  ","399,000",https://www.coupang.com/vp/products/253519225?itemId=797521041&vendorItemId=3919635203&sourceType=srp_product_ads&clickEventId=c5cecf81-2710-46c4-a6ec-debcc13c615c&korePlacement=15&koreSubPlacement=73&clickEventId=c5cecf81-2710-46c4-a6ec-debcc13c615c&korePlacement=15&koreSubPlacement=73,//thumbnail10.coupangcdn.com/thumbnails/remote/230x230ex/image/vendor_inventory/images/2018/08/30/15/3/ef473831-c11f-4cfd-a228-17c89dad2f1c.jpg,소파
"소파스킨스 글라무어 팔걸이 없는형 소파커버, 마린블루"," 128,000  ","85,130",https://www.coupang.com/vp/products/6742051961?itemId=15740904201&vendorItemId=82954802096,//thumbnail9.coupangcdn.com/thumbnails/remote/230x230ex/image/retail/images/7959538546447594-5ce35bdc-c08b-41ad-b701-aa705fa4ba43.jpg,소파
"세계로가구 에노스 3인 신소재 인조가죽 소파 3인용 쇼파, 머드그레이(착석시 팔걸이 우측), 보조스툴 비포함"," 670,000  ","207,000",https://www.coupang.com/vp/products/6171488741?itemId=12048979724&vendorItemId=79321162064&sourceType=srp_product_ads&clickEventId=aeb0ccad-0932-4ff4-8fde-3dde78fd5daf&korePlacement=15&koreSubPlacement=75&clickEventId=aeb0ccad-0932-4ff4-8fde-3dde78fd5daf&korePlacement=15&koreSubPlacement=75,//thumbnail7.coupangcdn.com/thumbnails/remote/230x230ex/image/vendor_inventory/384b/1310945ecbefc2a4a3b4589cc671b32eb63a68a70be6865d85e02a11cb7d.jpg,소파
"소프 스윙소파 4인용 코너형 아쿠아텍스 조야원단 소파, 이동형스툴_딥블루그린, 딥블루그린"," 2,226,000  ","804,000",https://www.coupang.com/vp/products/6593080171?itemId=14885501909&vendorItemId=82124368795,//thumbnail8.coupangcdn.com/thumbnails/remote/230x230ex/image/vendor_inventory/435c/bc19aff72649abc980c55cba99775d4c7a02b1f3c68077042ba74dbc2021.jpg,소파
"아론 신소재 가죽 소파 3인용, 머드 (DD10025)"," 452,000  ","243,000",https://www.coupang.com/vp/products/7023104841?itemId=17304485746&vendorItemId=84475347771&sourceType=srp_product_ads&clickEventId=1643dddc-5257-47bc-a3aa-d28033639fc6&korePlacement=15&koreSubPlacement=77&clickEventId=1643dddc-5257-47bc-a3aa-d28033639fc6&korePlacement=15&koreSubPlacement=77,//thumbnail6.coupangcdn.com/thumbnails/remote/230x230ex/image/vendor_inventory/0faf/87a09e7a4d17b62f797107a827c90e56623ef223e9592eb6a50e2815bdc4.jpg,소파
"이케아 1인용 격자무늬 쇼파 명품 수입 패브릭 쇼파 1인 윙체어 암체어 다이닝 독서 의자, 오렌지 블랙"," 233,490  ","208,620",https://www.coupang.com/vp/products/5394985209?itemId=8054201640&vendorItemId=84517470452,//thumbnail8.coupangcdn.com/thumbnails/remote/230x230ex/image/vendor_inventory/0386/a24637c55a862a6e8f09741bcb3d07a7c7d5b80931d30db28a2510e1149e.jpg,소파
"자네트 로마노 4인용 카우치 가죽쇼파 (3인용+카우치) 4인용쇼파, B형 화이트"," 760,000  ","399,000",https://www.coupang.com/vp/products/324094289?itemId=1037684423&vendorItemId=5492616513&sourceType=srp_product_ads&clickEventId=7b99dfd6-93f0-4c26-853c-8dad05dc3390&korePlacement=15&koreSubPlacement=79&clickEventId=7b99dfd6-93f0-4c26-853c-8dad05dc3390&korePlacement=15&koreSubPlacement=79,//thumbnail9.coupangcdn.com/thumbnails/remote/230x230ex/image/vendor_inventory/2aaa/766fbdb722d4ba267750ecfdedbb59bc29ce2d779e6ec520711fb0af100c.jpg,소파
"우아미가구 레브 4인용 무빙헤드레스트 가죽 소파+스툴 2color, 라이트그레이"," 1,338,000  ","508,000",https://www.coupang.com/vp/products/4363708893?itemId=5135006688&vendorItemId=71343064166,//thumbnail9.coupangcdn.com/thumbnails/remote/230x230ex/image/vendor_inventory/5954/ac7be1339e42ffa29841e027f8546e20a377f78bd354045a2b4b5c56d2e1.jpg,소파
"리빙모어 미니멀 방수 소파커버, 피죤그레이(1739_3_C9_Nano_WP)"," 44,550  ","41,860",https://www.coupang.com/vp/products/6962296828?itemId=16954055811&vendorItemId=84131361160,//img1a.coupangcdn.com/image/coupang/search/blank1x1.gif,소파
"소파스킨스 사라고사 스페인 소파커버 4인용, 라이트블루",,"168,000",https://www.coupang.com/vp/products/4528995648?itemId=5468670409&vendorItemId=72078305501,//img1a.coupangcdn.com/image/coupang/search/blank1x1.gif,소파
"자네트 로미노 3인용 가죽쇼파 스툴포함, 화이트"," 440,000  ","249,000",https://www.coupang.com/vp/products/128836875?itemId=379520160&vendorItemId=3919450322&sourceType=srp_product_ads&clickEventId=5ff9ab5b-2c62-48ff-8a8c-ea1a9ac79d82&korePlacement=15&koreSubPlacement=83&clickEventId=5ff9ab5b-2c62-48ff-8a8c-ea1a9ac79d82&korePlacement=15&koreSubPlacement=83,//img1a.coupangcdn.com/image/coupang/search/blank1x1.gif,소파
"마켓에이 트리자수 패브릭 쇼파패드, A베이지",,"32,900",https://www.coupang.com/vp/products/5608744189?itemId=9057727101&vendorItemId=76344054398,//img1a.coupangcdn.com/image/coupang/search/blank1x1.gif,소파
"자네트 세실리 3인용 풀커버 패브릭 소파 스툴포함, 투톤그레이"," 699,000  ","289,000",https://www.coupang.com/vp/products/260564486?itemId=815098599&vendorItemId=5073946625&sourceType=srp_product_ads&clickEventId=62eda1a0-125d-4ec4-834a-0e69cde5e55c&korePlacement=15&koreSubPlacement=85&clickEventId=62eda1a0-125d-4ec4-834a-0e69cde5e55c&korePlacement=15&koreSubPlacement=85,//img1a.coupangcdn.com/image/coupang/search/blank1x1.gif,소파
"벨마르티 스페인 스트레치 쇼파커버, 린넨 베이지"," 151,300  ","140,110",https://www.coupang.com/vp/products/102419818?itemId=311998645&vendorItemId=4162654612,//img1a.coupangcdn.com/image/coupang/search/blank1x1.gif,소파
"마켓에이 트리자수 패브릭 쇼파패드, B블루",,"32,900",https://www.coupang.com/vp/products/5608744189?itemId=9057727077&vendorItemId=76344054333,//img1a.coupangcdn.com/image/coupang/search/blank1x1.gif,소파
"리빙모어 스트라이프 미니멀 암리스 카우치 일반 소파 베드 커버, 네이비"," 59,500  ","45,220",https://www.coupang.com/vp/products/4528481190?itemId=5467637577&vendorItemId=72767400304,//img1a.coupangcdn.com/image/coupang/search/blank1x1.gif,소파
"Apnoo 접이식 1인용쇼파 세트 가정용 침실 기숙사 나비 의자 컴퓨터 의자, 핑크색"," 108,000  ","72,000",https://www.coupang.com/vp/products/7227939938?itemId=18333256574&vendorItemId=85477746798,//img1a.coupangcdn.com/image/coupang/search/blank1x1.gif,소파
"이케아 1인용 격자무늬 쇼파 명품 수입 패브릭 쇼파 1인 윙체어 암체어 다이닝 독서 의자, 그린"," 220,260  ","194,460",https://www.coupang.com/vp/products/5394985209?itemId=8054201627&vendorItemId=84517470432,//img1a.coupangcdn.com/image/coupang/search/blank1x1.gif,소파
"마켓에이 비비드 스트레치 쇼파커버, 딥그린"," 42,900  ","37,470",https://www.coupang.com/vp/products/6109654124?itemId=11506336416&vendorItemId=78781516014,//img1a.coupangcdn.com/image/coupang/search/blank1x1.gif,소파
"컬러풀 심플 쇼파커버 SF15, 타입6"," 52,000  ","49,200",https://www.coupang.com/vp/products/4398997060?itemId=5222902614&vendorItemId=72531999846,//img1a.coupangcdn.com/image/coupang/search/blank1x1.gif,소파
루온퍼니처 피렌체 돌쇼파 황토볼 온돌 온열 흙 쇼파," 1,599,000  ","599,000",https://www.coupang.com/vp/products/6973832419?itemId=17016901198&vendorItemId=84192588024&sourceType=srp_product_ads&clickEventId=f2e9bf7d-be4f-42bd-9df8-4114883adb89&korePlacement=15&koreSubPlacement=93&clickEventId=f2e9bf7d-be4f-42bd-9df8-4114883adb89&korePlacement=15&koreSubPlacement=93,//img1a.coupangcdn.com/image/coupang/search/blank1x1.gif,소파
"릴리 1인 소파 북유럽 패브릭 모던 벨벳 골드 쇼파, 색상:하운드",,"139,900",https://www.coupang.com/vp/products/6236735210?itemId=12564453162&vendorItemId=79832665444,//img1a.coupangcdn.com/image/coupang/search/blank1x1.gif,소파
"서광퍼니처 레니 라텍스 4인용 카우치형 스툴세트 소파, 투톤"," 329,000  ","269,000",https://www.coupang.com/vp/products/12430780?itemId=57852365&vendorItemId=3090713708&sourceType=srp_product_ads&clickEventId=786da760-b415-4562-82f8-3cc8f4d602df&korePlacement=15&koreSubPlacement=95&clickEventId=786da760-b415-4562-82f8-3cc8f4d602df&korePlacement=15&koreSubPlacement=95,//img1a.coupangcdn.com/image/coupang/search/blank1x1.gif,소파
"자네트 쟈드 3인용 가죽쇼파 스툴포함, 화이트"," 460,000  ","249,000",https://www.coupang.com/vp/products/128822044?itemId=2386335873&vendorItemId=3919333407&sourceType=srp_product_ads&clickEventId=551c0cd7-7ab6-4aa8-a7d2-42a196e0ea58&korePlacement=15&koreSubPlacement=96&clickEventId=551c0cd7-7ab6-4aa8-a7d2-42a196e0ea58&korePlacement=15&koreSubPlacement=96,//img1a.coupangcdn.com/image/coupang/search/blank1x1.gif,소파
"소파스킨스 사라고사 스페인 소파커버 4인용, 라이트베이지",,"168,000",https://www.coupang.com/vp/products/4528995648?itemId=5468670405&vendorItemId=72078305553,//img1a.coupangcdn.com/image/coupang/search/blank1x1.gif,소파
"소파스킨스 사라고사 스페인 소파커버 4인용, 파스텔핑크",,"168,000",https://www.coupang.com/vp/products/4528995648?itemId=5468670406&vendorItemId=72078305538,//img1a.coupangcdn.com/image/coupang/search/blank1x1.gif,소파
"소파스킨스 글라무어 코너형 소파커버, 엔틱브라운"," 298,000  ","168,850",https://www.coupang.com/vp/products/6742052099?itemId=15740904781&vendorItemId=82954802965,//img1a.coupangcdn.com/image/coupang/search/blank1x1.gif,소파
"벨마르티 스페인 스트레치 쇼파커버, 월 그레이"," 145,300  ","140,110",https://www.coupang.com/vp/products/102419818?itemId=311998634&vendorItemId=4162654180,//img1a.coupangcdn.com/image/coupang/search/blank1x1.gif,소파
"이케아 1인용 격자무늬 쇼파 명품 수입 패브릭 쇼파 1인 윙체어 암체어 다이닝 독서 의자, 그레이"," 237,480  ","212,410",https://www.coupang.com/vp/products/5394985209?itemId=8054201651&vendorItemId=84517470437,//img1a.coupangcdn.com/image/coupang/search/blank1x1.gif,소파
"소프 스윙소파 4인용 코너형 아쿠아텍스 조야원단 소파, 코너형 좌형(착석 시), 이동형스툴_라이트그레이, 라이트그레이"," 2,614,000  ","1,109,000",https://www.coupang.com/vp/products/6593080171?itemId=14885501900&vendorItemId=82124368707,//img1a.coupangcdn.com/image/coupang/search/blank1x1.gif,소파
"우아미가구 레브 3인용 무빙헤드레스트 가죽 소파 2color, 라이트그레이"," 838,000  ","299,000",https://www.coupang.com/vp/products/1973147710?itemId=3356155247&vendorItemId=71342912292,//img1a.coupangcdn.com/image/coupang/search/blank1x1.gif,소파
"이케아 1인용 격자무늬 쇼파 명품 수입 패브릭 쇼파 1인 윙체어 암체어 다이닝 독서 의자, 블랙&화이트"," 236,570  ","212,430",https://www.coupang.com/vp/products/5394985209?itemId=8054201649&vendorItemId=84517470440,//img1a.coupangcdn.com/image/coupang/search/blank1x1.gif,소파
"수오 피드 헤드레스트 소파 패브릭 /가죽 1인용 2인용 (FP_DP), 인조가죽 2인용(2669-2PU) 블랙",,"199,000",https://www.coupang.com/vp/products/6249486460?itemId=12659444973&vendorItemId=79926726774,//img1a.coupangcdn.com/image/coupang/search/blank1x1.gif,소파
"리빙모어 쇼파커버 미니멀 카우치나노 우형 베드, 네이비"," 59,330  ","47,460",https://www.coupang.com/vp/products/5602174970?itemId=9024159814&vendorItemId=76310576741,//img1a.coupangcdn.com/image/coupang/search/blank1x1.gif,소파
H샵 북유럽풍 카페소파 거실소파 사무용소파 인테리어소파 1인용 2인용 빈티지소파 벨벳소파 쇼파 1인용-다크그린," 199,800  ","167,000",https://www.coupang.com/vp/products/5232219305?itemId=7369025830&vendorItemId=85718435836,//img1a.coupangcdn.com/image/coupang/search/blank1x1.gif,소파
알럽홈 북유럽 플라워디어 자수 소파패드,,"50,100",https://www.coupang.com/vp/products/4869895041?itemId=6326192042&vendorItemId=73621614841,//img1a.coupangcdn.com/image/coupang/search/blank1x1.gif,소파
